Workbook

Sheet Pull requests
A1: N° | B1: Título | C1: Autor | D1: Creado | E1: Fusionado | F1: Estado | G1: Enlace
A2: 1 | B2: Pruebas de extraccion de texto de documentos (SCRUM-85) | C2: Exequiel Alvarado | D2: 46288 | E2: 46288 | F2: Fusionado | G2: https://github.com/Exequiel-Alvarado/Capstone-Grupo-2/pull/1
A3: 2 | B3: Pruebas de troceo y vectorizacion del contenido (SCRUM-132) | C3: Exequiel Alvarado | D3: 46288 | E3: 46288 | F3: Fusionado | G3: https://github.com/Exequiel-Alvarado/Capstone-Grupo-2/pull/2
A4: 3 | B4: Pruebas de configuracion de los dos agentes del bot (SCRUM-91) | C4: Exequiel Alvarado | D4: 46288 | E4: 46288 | F4: Fusionado | G4: https://github.com/Exequiel-Alvarado/Capstone-Grupo-2/pull/3
A5: 4 | B5: Arregla el ruteo del frontend desplegado y pone al dia el ADR 0001 | C5: Exequiel Alvarado | D5: 46288 | E5: 46288 | F5: Fusionado | G5: https://github.com/Exequiel-Alvarado/Capstone-Grupo-2/pull/4
A6: 5 | B6: Migra el motor conversacional a una cadena LangChain v1 (SCRUM-53) | C6: Exequiel Alvarado | D6: 46288 | E6: 46288 | F6: Fusionado | G6: https://github.com/Exequiel-Alvarado/Capstone-Grupo-2/pull/5
A7: 6 | B7: Identidad de marca de Alloxentric en el frontend | C7: Exequiel Alvarado | D7: 46288 | F7: Cerrado sin fusionar | G7: https://github.com/Exequiel-Alvarado/Capstone-Grupo-2/pull/6
A8: 7 | B8: Cifra el almacen local de claves de DeepSeek (SCRUM-18) | C8: Exequiel Alvarado | D8: 46288 | E8: 46288 | F8: Fusionado | G8: https://github.com/Exequiel-Alvarado/Capstone-Grupo-2/pull/7
A9: 8 | B9: Busqueda semantica filtrada por empresa y tipo de agente (SCRUM-145) | C9: Exequiel Alvarado | D9: 46288 | E9: 46288 | F9: Fusionado | G9: https://github.com/Exequiel-Alvarado/Capstone-Grupo-2/pull/8
A10: 9 | B10: Front/diana | C10: Diana Guerrero | D10: 46288 | E10: 46289 | F10: Fusionado | G10: https://github.com/Exequiel-Alvarado/Capstone-Grupo-2/pull/9
A11: 10 | B11: Conexion a bd | C11: Manuel Jansen | D11: 46292 | E11: 46294 | F11: Fusionado | G11: https://github.com/Exequiel-Alvarado/Capstone-Grupo-2/pull/10
A12: 11 | B12: Memoria de conversacion y proveedor de modelo sustituible (SCRUM-57, SCRUM-22) | C12: Exequiel Alvarado | D12: 46297 | E12: 46297 | F12: Fusionado | G12: https://github.com/Exequiel-Alvarado/Capstone-Grupo-2/pull/11
A13: 12 | B13: Backend/almacenamiento serverless/exequiel | C13: Exequiel Alvarado | D13: 46297 | E13: 46297 | F13: Fusionado | G13: https://github.com/Exequiel-Alvarado/Capstone-Grupo-2/pull/12
A14: 13 | B14: Portada publica y un sitio donde hablar con el bot (SCRUM-159) | C14: Exequiel Alvarado | D14: 46297 | E14: 46297 | F14: Fusionado | G14: https://github.com/Exequiel-Alvarado/Capstone-Grupo-2/pull/13
A15: 14 | B15: Conocimiento de la empresa de ejemplo, favicon y documentacion al dia | C15: Exequiel Alvarado | D15: 46297 | E15: 46297 | F15: Fusionado | G15: https://github.com/Exequiel-Alvarado/Capstone-Grupo-2/pull/14
A16: 15 | B16: SCRUM-79 Pruebas de logout: token único y all_sessions | C16: Cristian Jorquera | D16: 46301 | E16: 46304 | F16: Fusionado | G16: https://github.com/Exequiel-Alvarado/Capstone-Grupo-2/pull/15
A17: 16 | B17: Agrega pruebas del chat publico y del limite de mensajes (SCRUM-111) | C17: Cristian Jorquera | D17: 46301 | E17: 46304 | F17: Fusionado | G17: https://github.com/Exequiel-Alvarado/Capstone-Grupo-2/pull/16
A18: 17 | B18: SCRUM-113: pruebas de derivación con y sin ejecutivos disponibles | C18: Cristian Jorquera | D18: 46301 | E18: 46304 | F18: Fusionado | G18: https://github.com/Exequiel-Alvarado/Capstone-Grupo-2/pull/17
A19: 18 | B19: SCRUM-35 Pruebas de derivación a ejecutivo disponible | C19: Cristian Jorquera | D19: 46301 | E19: 46304 | F19: Fusionado | G19: https://github.com/Exequiel-Alvarado/Capstone-Grupo-2/pull/18
... A32: 31 | B32: Nodo comprobar: ningún dato que no esté en la base llega al cliente | C32: Exequiel Alvarado | D32: 46311 | E32: 46311 | F32: Fusionado | G32: https://github.com/Exequiel-Alvarado/Capstone-Grupo-2/pull/31

Sheet Resumen
A1: Pull requests del repositorio Capstone-Grupo-2
A2: Fuente: GitHub (https://github.com/Exequiel-Alvarado/Capstone-Grupo-2), exportado el 16-10-2026 (prs.tsv). Títulos tal como figuran en GitHub; fechas según la API de GitHub (UTC). Las cifras son fórmulas COUNTIF/COUNTIFS sobre la hoja «Pull requests».
A4: PR por autor
A5: Autor | B5: Usuario GitHub | C5: PR totales | D5: Fusionados | E5: Cerrados sin fusionar | F5: % de los PR
A6: Exequiel Alvarado | B6: Exequiel-Alvarado | C6: =COUNTIF('Pull requests'!$C$2:$C$32,$A6) -> 23 | D6: =COUNTIFS('Pull requests'!$C$2:$C$32,$A6,'Pull requests'!$F$2:$F$32,"Fusionado") -> 22 | E6: =COUNTIFS('Pull requests'!$C$2:$C$32,$A6,'Pull requests'!$F$2:$F$32,"Cerrado sin fusionar") -> 1 | F6: =IF($C$10=0,0,C6/$C$10) -> 0.74193548
A7: Cristian Jorquera | B7: cmjorquera | C7: =COUNTIF('Pull requests'!$C$2:$C$32,$A7) -> 5 | D7: =COUNTIFS('Pull requests'!$C$2:$C$32,$A7,'Pull requests'!$F$2:$F$32,"Fusionado") -> 5 | E7: =COUNTIFS('Pull requests'!$C$2:$C$32,$A7,'Pull requests'!$F$2:$F$32,"Cerrado sin fusionar") -> 0 | F7: =IF($C$10=0,0,C7/$C$10) -> 0.16129032
A8: Manuel Jansen | B8: ManuelJansen | C8: =COUNTIF('Pull requests'!$C$2:$C$32,$A8) -> 2 | D8: =COUNTIFS('Pull requests'!$C$2:$C$32,$A8,'Pull requests'!$F$2:$F$32,"Fusionado") -> 2 | E8: =COUNTIFS('Pull requests'!$C$2:$C$32,$A8,'Pull requests'!$F$2:$F$32,"Cerrado sin fusionar") -> 0 | F8: =IF($C$10=0,0,C8/$C$10) -> 0.064516129
A9: Diana Guerrero | B9: DiaGuerrero | C9: =COUNTIF('Pull requests'!$C$2:$C$32,$A9) -> 1 | D9: =COUNTIFS('Pull requests'!$C$2:$C$32,$A9,'Pull requests'!$F$2:$F$32,"Fusionado") -> 1 | E9: =COUNTIFS('Pull requests'!$C$2:$C$32,$A9,'Pull requests'!$F$2:$F$32,"Cerrado sin fusionar") -> 0 | F9: =IF($C$10=0,0,C9/$C$10) -> 0.032258065
A10: Total | C10: =COUNT('Pull requests'!$A$2:$A$32) -> 31 | D10: =COUNTIF('Pull requests'!$F$2:$F$32,"Fusionado") -> 30 | E10: =COUNTIF('Pull requests'!$F$2:$F$32,"Cerrado sin fusionar") -> 1 | F10: =SUM(F6:F9) -> 1
A11: Control: la suma por autor debe coincidir con el total. | C11: =IF(SUM(C6:C9)=C10,"Cuadra","No cuadra") -> Cuadra
A13: PR por mes de creación
A14: Mes | B14: Desde | C14: Hasta | D14: PR creados
A15: Septiembre 2026 | B15: 46266 | C15: 46296 | D15: =COUNTIFS('Pull requests'!$D$2:$D$32,">="&B15,'Pull requests'!$D$2:$D$32,"<"&C15) -> 10
A16: Octubre 2026 | B16: 46296 | C16: 46327 | D16: =COUNTIFS('Pull requests'!$D$2:$D$32,">="&B16,'Pull requests'!$D$2:$D$32,"<"&C16) -> 21
A17: Total | D17: =SUM(D15:D16) -> 31
A18: «Hasta» es exclusivo: cuenta los PR creados antes de esa fecha.
